Feature,Importance
孕妇BMI,0.20181313892503536
21号染色体的Z值,0.15420567533882332
13号染色体的Z值,0.15017964214911317
18号染色体的Z值,0.14769156576929549
X染色体的Z值,0.1410910913582446
GC含量,0.12690103588789484
gestational_week,0.07811785057159334
